{
  "rules": {
    ".read": "auth != null",
    ".write": "auth != null",
    
    "scores": {
      ".read": true,
      ".write": "auth != null",
      ".indexOn": ["score", "timestamp"],
      
      "$scoreId": {
        ".write": "auth != null && (newData.child('userId').val() == auth.uid || !data.exists())",
        ".validate": "newData.hasChildren(['playerName', 'score', 'timestamp', 'userId'])",
        
        "playerName": {
          ".validate": "newData.isString() && newData.val().length > 0 && newData.val().length <= 20"
        },
        "score": {
          ".validate": "newData.isNumber() && newData.val() >= 0 && newData.val() <= 1000000"
        },
        "timestamp": {
          ".validate": "newData.isNumber()"
        },
        "userId": {
          ".validate": "newData.isString() && newData.val() == auth.uid"
        }
      }
    },
    
    "allowedIPs": {
      ".read": "auth != null"
    }
  }
} 